name,phone_number
Brittany Walker,+1-152-651-8997x12442
Felicia Coleman,245.551.7982
Crystal Bell,803-316-1054x535
James Morris,354-636-3746
Jack Smith,001-743-334-2552x091
Joseph Potts,+1-474-560-2274x906
Donna Morgan,+1-558-098-4559x74153
Jason Soto,614-301-3869x40925
David Johnson,(566)329-4632x993
Catherine Fletcher,792.250.4599x19720
Theresa Mcclure,001-411-020-5448
Dr. Ann Davila,459.694.3267
Wendy Martinez,793-797-0964x315
Victoria Adams,(448)873-3381x72121
Renee Wright,(751)209-1863x98828
Timothy Davis,+1-590-723-6892x4084
Julie Wheeler,+1-724-675-4777
Crystal Ritter,(416)464-6778
Kim Ross MD,(372)715-2587
Jay Jordan,001-783-249-2531x61888
Alan Taylor,+1-319-789-4092
Justin Clark,465.890.5444x8384
Carrie Gonzalez,+1-620-089-3466x17544
Lisa Cox,+1-282-726-9663x4024
Brittany Turner,+1-689-084-4492x574
Marie Scott,074-495-9814x93210
Colin Hines,762.440.4408x77070
Timothy Lane,428-910-2432x67504
Dawn King,426.759.4570
Amy Ramirez DVM,113-401-1109x527
Caleb Gutierrez,162.778.3079x5167
Kiara Benson,542.474.2420x31953
Patricia Estrada,4953317423
Maureen Cook,836.499.1888x16386
Rachel Goodwin,+1-507-139-3609x5388
Justin Ruiz,(010)990-4395
Christopher Cox,344-427-0033
William Bradley,001-040-094-2631x0792
Keith Cooper,034-696-9604
Margaret Sexton MD,(021)675-2638x13545
Alicia Torres,720.938.7116
Sandra Hernandez,262.330.5014x4374
Keith Tyler,820.796.2969x8637
William Rivera,045-526-1808x531
Tricia Grant,124.251.0739x780
Edward Parker,158.477.9511
Karen Aguilar,7936609872
Kim Martin,001-108-522-5969x64601
Lee Black,294-466-6403x6340
Megan Evans,(672)180-2682
Matthew Nicholson,8192689451
Donald Bowman,+1-296-492-2527x549
Jon Conley,(105)960-5690x87068
Lauren Hill,001-649-837-0622x8927
Anna Peterson,808.640.0772x905
Paul Park,+1-935-173-7691
Erik Oliver,001-489-994-9518x83870
Michelle Jones,(723)550-2868x495
Kathryn Cantu,(632)272-9660x9348
Elizabeth Brown,995.920.4832
Ricky Vega,771-057-9742x1297
Jody Hammond,+1-344-288-7178x270
Justin Galvan,(630)772-2284x0005
Amy Phillips,+1-186-880-9174x6877
Ashley Taylor,485.605.6261x478
Molly Wells,001-533-053-1369x43310
Robert Pearson,776-694-8354x719
Kathy Carter,179.289.1398
Lisa Martinez,109-760-4033
Cameron Lee,(131)379-2476
Tara Davis,439-416-1472x7290
Laurie Brown,(359)194-7590
Christopher White,892-141-2776
Brett Jarvis,001-429-489-2803x130
Susan Reed,(018)448-8492
Abigail Rivera,+1-896-886-7816x985
Kristen Garcia,(370)619-8368x31310
Helen Smith,805-888-1947x607
Jessica Walker,+1-578-167-3651x068
Daniel Anderson,+1-897-152-6050x6335
Susan Nelson,7728054692
John Bowers,551-239-5128x40750
Karen Aguilar,630.859.0747x35375
Alan Jones,+1-486-355-9200
Shane Cox,001-551-059-9471x49109
Kristen Smith,001-482-558-9422x598
Michael Mcpherson,396.961.6178x264
Charles Kennedy,626.894.6898
Mark Knox,(403)533-4219x9143
Lori Martinez,7614571186
Nathaniel Wilkinson,0203398961
Tony Wilson,615.273.8216x84644
Janice Kirby,+1-554-062-9227x95001
Jane Roberts,001-494-596-7959x18110
Karen Hansen,8934757203
Lindsay Smith,001-845-299-2058x353
Jennifer Bell,029-480-7860x970
Timothy Riley,387-381-5565
Jay Flores,(138)128-9837x107
Colin Poole,+1-239-488-4174x6592
John Waters,095.897.9653x2112
Jenny Mathews,(534)334-7188x67932
Eric Walker,(627)975-0284x3069
Debra Wilson,550-229-2231
Elizabeth Butler,+1-350-929-5816x429
Adam Jones,133-208-8920
Stephen Nichols,+1-732-921-9595
Darlene Anderson,+1-124-216-4114x6133
Tina West,785-097-2346x02261
Erica Mathis,(083)590-5462x758
Catherine Lester,+1-377-937-6324x0973
Kara Nichols,1932597691
Diana Clark,+1-808-801-0630x862
Christian Martinez,154.847.7887
Amanda Murphy,(982)740-1977x98136
Robert Franklin,001-653-083-9467x1921
Collin Burke,895.040.1233x6626
Sarah Williams,+1-903-943-1564x802
Amber Moore,351-776-4013
William Hubbard,689.510.8251x198
Michael Potts,721.242.5049x86588
Lindsey Noble,434-172-8697x27683
Sheri Cole,404.960.6694x944
Larry Buchanan,001-502-032-8432x905
Mariah Robinson,3239238903
Margaret Chapman,001-462-498-0881x42770
Christine Jones,7019950204
Kimberly Clements,431-204-6225
William Hogan,7738487411
Valerie Jones,(365)960-7219
Tammy Santana,360.763.2263x66948
Jennifer Greene,7374121524
Kim Lopez,+1-658-653-7685x34590
Nathaniel Terry,5173511081
Nicole Smith,(977)193-9303
Brian Franco,468.360.1936
Mary Byrd,7393011489
Christine Ball,799.943.8042
James Taylor,8688004981
Michael Harris,001-582-240-3077x5533
Gary Stone,(676)929-8947x595
Denise Wolf,(488)755-2646x76226
Connie Hunt,+1-671-105-0600x5224
Joshua Parsons,999.510.8066x701
Henry Holloway MD,991-256-6177x7941
Meghan Martinez,729-079-7089x62717
John Brown,111.849.3649
Steven Hall,3750946763
Nicholas Davenport,001-810-510-2677
Edward Herrera,578.357.7514x5856
William Chavez,538-353-9005
Ashley Mejia,280-059-5383x5088
John Leblanc,(274)764-0624
Drew Kerr,924.174.5027x531
Robin Wood,098.957.4318
David Watson,(686)469-6246x574
Jeffery Paul,2386192426
Sean Norris,222-486-4900
Amy Salazar,+1-962-824-6662x121
Henry Chase,(892)466-0218x42134
Craig Johnson,+1-185-154-5651
David Rivera,(081)589-6721x34059
Carrie Hurst,563.105.5959
Samuel Peterson,001-409-001-0583
Laura Church,(741)673-9185
Amy Williams,(063)204-8628x790
Andrew Morris,(539)426-5387x582
Angela Parker,(380)822-6109
Kathy Lee,201-653-3569x26449
Monica Hall,212-448-1194x7970
Nathaniel Lee,843-270-0884
Ricardo Williamson,+1-572-492-3436
Gary Jordan,935-035-2960x532
Hannah Anderson,863.886.3149x352
John Tran,001-901-058-7453x29451
Kristina Jones,(075)819-7418
Alec Mendez,352.833.1852
Jamie Larsen,001-656-805-5178x0088
Molly Graham,(619)361-1311
Christopher Cruz,001-205-134-3023
Jessica Brennan,+1-489-651-0229x6469
Heather George,(220)070-5234x6276
Jason Edwards DDS,(256)327-4698
Victoria Hamilton,+1-134-270-3014x1259
Mary Thomas,4506933688
James Walker,458-968-2204
Chase Richardson,001-374-524-4858
Tyler Jackson,932-717-3899x8020
Vanessa Ross,186.964.0563
Courtney Wheeler,888-409-8872x7302
Martin Wilkinson,001-828-042-5549x958
Crystal Proctor,525-339-5865x49259
Katherine Stout,035.872.8672x33843
Carl Garcia,+1-148-235-9985x49662
Carl Cruz,587.549.0285x6965
Christine White,5814168967
Jimmy Perez,001-858-233-1427x436
Henry Strong,(730)011-7624x21148
Rhonda Lopez,074-333-5761x38654
Michael Williams,387.353.7844x2537
Sarah Doyle,+1-261-596-3286x742
Angela Welch,655-743-8226x38668
Michael Colon,745.025.6026x516
Christian Williams,497.184.5159x04043
Danielle Schwartz,+1-111-903-1904x298
Robin Salazar,722.634.9225x7954
Joshua Burke,+1-500-352-5195x388
James Santiago,(512)967-6815
Robert Floyd,001-299-046-4161
David Brooks,001-061-358-6627x2003
Peter Phillips III,0477470423
Crystal Turner,(569)487-5575
Michael Zimmerman,425.405.9125x05550
Christina Perkins,+1-093-581-2835x428
Jennifer Miller,(941)053-9377
Gregory Smith,(230)691-3213
Sean Collins,139-703-2949
Thomas Huerta,(427)204-4423
Pamela Hayden,215.259.2841
Pamela Mcdowell,001-753-529-7504
Erin Alvarez,223.626.9397x6700
Susan Morton,(032)054-2988x4094
Makayla Decker,(357)981-2012x863
Christopher Hopkins,001-531-920-3781x08519
Stephanie Smith,253-370-3449
Mrs. Krystal Gallegos MD,001-553-001-0167x011
Stacey Hart,(047)319-3288
Andrew Turner,869.688.8349x9916
Daniel Hernandez,363.233.9950x0823
Patricia Johnson,001-054-403-4426x570
Kenneth Watkins,0514525088
William Garza,+1-144-730-7491
Jeffrey Lopez,366-363-0237
James Price,(435)545-7059x51233
Amy Rowe,639.927.1766
Tyler Stokes,378-663-1363
Patrick Wheeler,(158)048-1740x55584
Peggy Fuller,001-938-686-6847x65877
David Moore,576.847.6686x429
Jacqueline Ford,+1-766-442-3538x14018
Stephanie Cook,001-204-507-2764
Jennifer Webb,(300)557-8922
Tonya Harris,+1-514-538-9990x069
Sarah Davis,(650)189-9927
Kristen Clark,299.204.7714x170
Gary Williams,+1-516-141-3243x2724
Michael Stewart,+1-043-970-4258x7050
Kelly Ewing,387.074.7477x4070
Sara Nixon,(582)753-5394x01764
Christine Guerra,(509)607-2289
Shelly Porter,287.194.7591
Darren Ashley,001-419-140-2049x002
Dakota Peterson,709.617.3479x640
Brian Hayes,685.143.6465x9887
Timothy Garcia,501-144-8933x9726
Ariana Palmer,165.220.4486x71695
Lisa Bell,173.240.3726
Steven Bates,725-678-6358x975
Gina Mccarthy,(092)215-1677
Christopher Hunt,812-530-1749x25762
Samantha Walsh,531-646-4238x29691
Lynn Smith,001-409-738-1819x036
Brittany Hatfield,314-383-3833
Elizabeth Smith,379.885.3828x363
Todd Barron,792-002-1107
Rachel Ryan,(050)156-4367x171
Gary Bush,(175)310-9145x355
David Stanley,765-025-0925x988
Derek Hill,(996)200-8242
Whitney Weber,+1-001-938-9132x966
Megan Hall,196-923-2503x826
Gary Lane,3123072137
Amy Daugherty,001-012-508-0060x910
Anthony Weaver,+1-141-002-0831
Mrs. Bridget Lowe DDS,(370)419-3937x80779
Sergio Tyler,079.864.8807x3951
Larry Schultz,001-040-631-0645x7041
Jasmine Mcdonald,001-359-893-6706
Shawn Oliver,499-534-2859x640
Dr. Virginia Cook,(115)348-4255
Justin Pena,933-645-3397x2798
Steven Gonzalez,+1-828-617-3855x422
Christina Armstrong,(834)058-7184
Reginald Deleon,(364)268-5159
Julia Roberts,863-039-7148x725
Tracey Mcdonald,001-284-185-5577x646
Hayley Lawrence,795.080.7967
Steven Romero,+1-241-026-2680x4401
Deborah Thomas,684-587-8567
Morgan Clark,597.538.6118
Jared Douglas,919.098.8215x616
William Powell,(989)716-6446x73244
Isaac Lopez,693-871-3469
Jason Lopez,+1-336-533-3909x7249
Tina Allen,082.538.3653x828
Lori Davis,001-776-939-8860x0148
Troy Vega,(284)649-7661
Samantha Adams,+1-704-426-1730
Jacqueline Rodriguez,4259864343
Mrs. Julia Wong,001-685-764-8814x169
Ryan Leonard,946.961.4659x125
Ricardo Turner,001-484-644-4002x3641
John Anderson,+1-547-901-6513x6173
Caleb Morris,781.762.5770x89704
Autumn Burke,2667245775
Gina Mills,+1-828-310-9800x0892
Robert Watson,001-742-325-1092x31820
Julia Miller,0007813614
Madison Harvey,(229)245-3931x3747
Vanessa Kelly,742.757.0190
Paul Hoffman,(830)885-4203x3769
Matthew Parker,(463)801-8959
Lisa Taylor,001-714-962-5105
David Wright,001-978-918-5133x1739
Brian Brown,(398)862-6966x4110
Angela Benson,(307)618-5846
James Thompson,(846)720-4429
Theresa Roberson,005-131-1517x069
Timothy Anthony,683.942.9966x5987
April Sanchez,7826765323
April Higgins,804-643-2741
Heidi White,(329)426-0676
Kristin Hanson,(470)214-4810x33811
Jesus Yates PhD,+1-000-435-7932
Melody Shaffer,001-263-068-8041x2020
Charles Thomas,705-094-0591x581
Ryan Howard,622.280.7482x6328
Samuel Taylor,789.685.3375x8011
Julia Mcdaniel,(256)332-1396
Melissa Walters,001-606-258-0430x41392
Ashley Young,(484)259-9596
Rachel Griffin,(460)873-4436x736
Claudia Powers,001-988-909-2119x8464
Stephen Henry,361.363.1158x51860
Ashley Carroll,826.907.3120x867
Robert Lindsey,825-639-1936
Dennis Singleton MD,093.216.2826x9136
Thomas Ellison,(936)600-1881x5954
Diana Williams,(211)413-3925
Kevin Adams,(894)089-0347x293
Dr. Michael Nelson DVM,001-822-873-4491x538
Raymond Marsh,868-675-7890x045
Charles Henderson,+1-262-461-6971x5145
Joseph Gallagher,001-206-045-4901x23250
William Barrett,001-562-146-0094x866
Kevin Davis,(814)980-0208
Natalie Price,640.829.1083x9048
Amanda White,(846)243-6275x19349
Paul Wallace,(259)840-2997x40887
Peter Perry,8941790112
Arthur Hernandez,514-530-9176
Vincent Graham,(797)235-2933x724
Mr. Alan Compton,(181)872-3952x06265
Carlos Schroeder,(313)172-4217
Jose Flores,233.848.6209x193
Richard Henderson,001-226-095-8163x286
Denise Phillips,322-296-1696
Brittany Smith,001-799-948-6771x2037
Erica Wright,+1-400-220-8051x820
Susan Ross,001-861-667-3255
Wesley Long,557.034.2384
Michael Tran,+1-082-492-8372x118
Linda Bell,(686)264-1551
Alicia Young,315.234.5275x68164
Diana Stevens,957-413-2458x54775
Joyce Brown,408-281-1475
Donna Lynn,+1-213-190-1474x6700
David Alvarez,227.185.5576
Cheryl Thompson,+1-319-069-1605x644
Brian Adams,(823)885-7768
Emily Tate,(182)907-5475x948
Amanda Peterson,+1-483-657-0185
Harold Bush,+1-438-630-1009x1969
Melissa Johnson,220-246-4510x535
Emma Stokes,001-975-832-6719x3815
Janet Arroyo,+1-187-876-1426
Aaron Miles,001-088-534-7791
Scott Pierce,(276)133-4367
Thomas Barnes,(818)968-3962x8573
Craig Griffin,820.137.4394x979
Molly Harrell,(580)381-6192
Paula Patel,001-931-188-1291x0861
Donald Ortega,001-256-260-6979x13661
Jonathan Lee,(547)250-3244
Brian Hart,(214)882-8502
Jennifer Tran,800.203.2596
Charles Alexander,+1-152-806-2656x55941
Robert Durham,941.523.0166x851
Meredith Price,+1-561-312-1175x1463
Jennifer Black,865.124.0115x27993
Mary Johnson,7456623032
Joshua Sandoval,351.941.4621
Robert Shepherd,662-183-3348
Regina Jones,+1-943-575-4549x7169
Meghan Hanson,492-984-0553x863
Miranda Barnett,246.300.7358x799
Christina Parker,417-774-6152x80808
Robin Brady,001-067-864-5234x812
Karen Brown,842.031.7669
Richard Kennedy,849-896-0292
Holly Whitehead,124.195.4943x90400
Natalie Mckenzie,001-761-307-5911x921
Nathan Underwood,001-219-524-5221x84131
Lori Strong,815-985-8746
John Mason,(656)396-1513
Dr. Patrick Ingram,032.737.1960
Allison Garcia,533.387.9466x1054
Toni Shields,+1-598-911-1248x14568
Kayla Larson,209-469-4793x1700
Gabriela David,001-192-010-7318x2750
Mary Little,(258)803-1303
Johnathan Black,+1-421-290-6246
Donald Wiley,168.530.3535x6435
David Austin,001-462-218-0846x311
Samuel Montgomery,(755)192-0374x4711
Ashley Ford,611-943-7024
Wesley Shaw,490.498.3656x965
Jim Graham,115.566.6904
Nicholas Gutierrez,228-877-7782x354
John Rodriguez,505.478.5198
Jeffrey Chen,+1-904-401-8522x9572
Michael Sanchez,106-256-0033
Debbie Zamora,(107)173-0659x9788
Aimee Ramirez,860-393-6139x30701
Barbara Bass,017-483-0131x3035
Warren Harris,306.759.5252
Michael Schroeder,001.653.0118
Cheryl Griffith,6496341981
Alyssa Crane,097-715-1925
Ariel Romero,(521)911-6956
Karen Lawrence,001-619-054-0936x4315
Anthony Robinson,1599498747
Patrick Gray,272.198.9559x484
Bruce Watson,525.222.0906
Robert Long,157.772.6404x13346
Peter Garcia,(534)924-8622
Jacob Hernandez,(053)427-8756x76606
Cathy Perkins,+1-962-925-2031x2026
Katherine Watkins,(900)584-4590
Robert Stewart,6467520389
Mary Mcgrath,576.775.1767x836
Alexander Bush,7843835184
William Green,699-032-5362
Joseph Landry,+1-819-871-9511x484
Rose Arnold,001-768-866-9316x89653
Theresa Frye,+1-733-111-9879x0493
Andrew Evans,682-358-9550x42962
Andrea Dixon,(659)088-2396x15395
Seth Gilmore,001-179-277-2406x3909
Andrew Rodriguez,666-871-5721
Stacy Roth,001-383-640-6956x48628
Denise Fleming,(956)419-7570x5159
Jimmy Stevens,186.831.5325x96941
Julie Stuart,(943)528-3899x8833
Mark Hanson,(326)026-2696x0923
Albert Medina,217-075-1202
Michael Browning,(925)280-9102
Willie Watson,+1-539-422-5193x7842
Martha Garrett,(812)015-8768
Lori Sanchez,295-674-6628
Katie Hebert,7052552437
Edward Mcgee,+1-565-916-9146x7942
Loretta Garza,001-012-546-7167
John Allen,(870)147-4789
Douglas George,1121661534
Jeremy Hayes,(186)021-2297
Matthew Nielsen,+1-892-989-9009x578
Kimberly Gonzalez,329-040-6907x965
Randy Moore,964.799.0607x7860
Thomas Flores,+1-908-176-2518x3161
Rita Terry,696-355-2967
Brooke Johnson,406.340.1516
Ronald Barber,628.281.1249x7234
Elizabeth Torres,9917560066
Benjamin Davis,(667)561-2626
Bryan Leblanc,+1-015-245-5455
Derrick Martinez,001-635-822-3795x952
Karen Jackson,986-314-2938x794
Veronica Atkins,+1-576-325-2813x90972
Ronnie Jones,(712)287-8689x142
Erin Parrish,+1-280-960-4493x0040
Gina Lucero,001-647-246-6280x9206
David Burns,640.109.5139
Kelly Lawrence,001-476-826-9376x3162
Donna Castaneda,(811)072-6660
Traci Brooks,544-977-6129x075
Scott Nelson,(104)809-7936x7062
Cindy Clark,591.616.0862x46175
Luis Brown,185.692.5598x5844
Laura Rhodes,001-102-180-7529x7441
Jodi Campbell,(379)397-5844x62221
Cathy Bennett,(174)338-5877
Jonathan Vasquez,8285629877
Mrs. Michelle Wang,+1-925-082-1406x23998
Sarah West,139-818-4514x34319
Elizabeth Atkins,(774)904-1435x948
Shane Fisher,276-589-3952
Kristin Hammond,854.261.4591
Kevin Burke,463-943-7334
Kevin Miller DVM,171-453-7673x747
